id|name
10|Barrett
5|Dante
3|Flynn
8|Kareem
9|Lucian
6|Adrian
7|Ulysses
6|Phelan
7|Cairo
7|Lewis
2|Reece
7|Steel
5|Laith
4|Caleb
6|Martin
10|Quamar
4|Herman
3|Gary
2|Alexander
6|Noble
1|Lucas
1|Samuel
6|Stone
2|Nash
7|Nehru
4|Linus
5|Denton
10|Tyrone
8|Marshall
9|Tanner
6|Tanek
9|Walker
5|Colton
2|Hu
4|Paki
3|Bevis
4|Ishmael
7|Drake
8|Nash
9|Oscar
10|Rashad
8|Rashad
8|Kyle
10|Edward
9|Gray
2|Burton
6|Eagan
8|Zane
6|John
9|Branden
7|Fuller
9|Lane
7|Chaim
6|Cole
10|Brian
6|Merrill
5|Kyle
9|Yuli
5|Alexander
9|Hilel
2|Wyatt
7|Gavin
6|Tate
8|Drake
9|Kennedy
9|Hasad
1|Hop
3|Seth
4|Charles
10|Zachary
3|Levi
5|Jesse
8|Neville
6|Otto
5|Anthony
3|Nicholas
8|Xavier
5|Jacob
1|Keith
3|Kibo
5|Plato
7|Peter
6|Dustin
2|Keith
6|Arthur
3|Stone
9|Neville
8|Zephania
6|Felix
5|Jasper
10|Aidan
6|Akeem
1|Micah
3|Ashton
3|Joel
8|Carlos
8|Dean
3|Randall
9|Isaac
7|Colin